2025-12-11_11-58-17,0,draft.py:2025-12-11_11-58-17
2025-12-11_12-06-21,100,draft.py:2025-12-11_12-06-21
2025-12-11_12-14-19,100,draft.py:2025-12-11_12-14-19
2025-12-11_12-24-32,100,draft.py:2025-12-11_12-14-19
2025-12-11_12-43-32,100,draft.py:2025-12-11_12-43-32
2025-12-11_12-52-41,0,draft.py:2025-12-11_12-52-41
2025-12-11_12-52-44,---,draft.py:2025-12-11_12-52-41
2025-12-11_12-59-56,0,draft.py:2025-12-11_12-52-41
2025-12-11_13-24-57,0,draft.py:2025-12-11_12-52-41
2025-12-12_17-27-48,0,draft.py:2025-12-11_12-52-41
2025-12-12_17-28-49,0,draft.py:2025-12-12_17-28-49
2025-12-12_17-42-17,0,draft.py:2025-12-12_17-28-49
2025-12-12_17-47-16,0,draft.py:2025-12-12_17-47-16
2025-12-12_17-49-17,0,draft.py:2025-12-12_17-49-17
2025-12-12_17-50-56,0,draft.py:2025-12-12_17-50-56
2025-12-12_17-57-49,0,draft.py:2025-12-12_17-50-56
2025-12-12_18-16-44,0,draft.py:2025-12-12_18-16-44
2025-12-12_18-18-09,0,draft.py:2025-12-12_18-18-09
2025-12-12_18-19-03,0,draft.py:2025-12-12_18-19-03
2025-12-12_18-19-50,0,draft.py:2025-12-12_18-19-50
2025-12-14_00-42-48,0,draft.py:2025-12-14_00-42-48
2025-12-14_00-45-04,0,draft.py:2025-12-14_00-45-04
2025-12-14_00-45-19,0,draft.py:2025-12-14_00-45-19
